Word,Count
asks,133
april,117
caught,77
checkout,66
bestia,55
ariana,52
annoying,51
bomb,49
accessibility,47
castle,46
chips,40
agar,38
asking,37
aired,36
algo,33
alice,31
atoms,31
alarm,30
alfiora,29
2in1,29
casting,29
atomic,28
attorney,28
800,27
bow,27
allay,26
brazilian,26
bnb,25
christopher,25
chilling,24
barriers,23
characters,23
amazing,23
80,22
accepting,21
2k,20
cheering,20
appearing,20
amigos,20
attest,19
breath,18
assumptions,18
accents,18
artisans,18
2703,18
attention,18
55337,18
abomination,18
alternatives,18
acces,17
casi,16
allowing,16
3d,16
cette,16
23700,16
aunque,16
backdrop,15
brutal,15
bright,14
china,14
asset,14
appointed,14
air,14
baffling,14
bring,14
acknowledging,13
allows,13
calling,13
astonishing,13
chief,13
bendiciones,13
certification,13
annoys,12
button,12
assets,12
cards,12
carlson,12
blaming,12
cameras,12
aesthetics,12
aphmau,11
cars,11
campus,11
chriss,11
butter,11
bugso,11
acceptable,11
arithmetic,11
andere,11
cartoon,11
axolotl,11
arrow,11
astounding,11
643,11
capabilities,11
0018,11
bland,10
amendment,10
blown,10
156,10
